dataset,encoder,classifier,true_label,predicted_label,count
MetaSMS,bow,nb,ham,ham,37032
MetaSMS,bow,nb,ham,spam,319
MetaSMS,bow,nb,ham,smishing,260
MetaSMS,bow,nb,spam,ham,172
MetaSMS,bow,nb,spam,spam,2046
MetaSMS,bow,nb,spam,smishing,596
MetaSMS,bow,nb,smishing,ham,125
MetaSMS,bow,nb,smishing,spam,1089
MetaSMS,bow,nb,smishing,smishing,3848
MetaSMS,bow,logreg,ham,ham,37254
MetaSMS,bow,logreg,ham,spam,271
MetaSMS,bow,logreg,ham,smishing,86
MetaSMS,bow,logreg,spam,ham,137
MetaSMS,bow,logreg,spam,spam,2155
MetaSMS,bow,logreg,spam,smishing,522
MetaSMS,bow,logreg,smishing,ham,119
MetaSMS,bow,logreg,smishing,spam,712
MetaSMS,bow,logreg,smishing,smishing,4231
MetaSMS,bow,rf,ham,ham,37278
MetaSMS,bow,rf,ham,spam,240
MetaSMS,bow,rf,ham,smishing,93
MetaSMS,bow,rf,spam,ham,296
MetaSMS,bow,rf,spam,spam,1818
MetaSMS,bow,rf,spam,smishing,700
MetaSMS,bow,rf,smishing,ham,202
MetaSMS,bow,rf,smishing,spam,649
MetaSMS,bow,rf,smishing,smishing,4211
MetaSMS,bow,svm,ham,ham,37367
MetaSMS,bow,svm,ham,spam,172
MetaSMS,bow,svm,ham,smishing,72
MetaSMS,bow,svm,spam,ham,196
MetaSMS,bow,svm,spam,spam,2042
MetaSMS,bow,svm,spam,smishing,576
MetaSMS,bow,svm,smishing,ham,146
MetaSMS,bow,svm,smishing,spam,676
MetaSMS,bow,svm,smishing,smishing,4240
MetaSMS,tfidf,nb,ham,ham,37344
MetaSMS,tfidf,nb,ham,spam,74
MetaSMS,tfidf,nb,ham,smishing,193
MetaSMS,tfidf,nb,spam,ham,317
MetaSMS,tfidf,nb,spam,spam,1340
MetaSMS,tfidf,nb,spam,smishing,1157
MetaSMS,tfidf,nb,smishing,ham,214
MetaSMS,tfidf,nb,smishing,spam,448
MetaSMS,tfidf,nb,smishing,smishing,4400
MetaSMS,tfidf,logreg,ham,ham,37122
MetaSMS,tfidf,logreg,ham,spam,391
MetaSMS,tfidf,logreg,ham,smishing,98
MetaSMS,tfidf,logreg,spam,ham,119
MetaSMS,tfidf,logreg,spam,spam,2279
MetaSMS,tfidf,logreg,spam,smishing,416
MetaSMS,tfidf,logreg,smishing,ham,90
MetaSMS,tfidf,logreg,smishing,spam,775
MetaSMS,tfidf,logreg,smishing,smishing,4197
MetaSMS,tfidf,rf,ham,ham,37457
MetaSMS,tfidf,rf,ham,spam,76
MetaSMS,tfidf,rf,ham,smishing,78
MetaSMS,tfidf,rf,spam,ham,297
MetaSMS,tfidf,rf,spam,spam,1794
MetaSMS,tfidf,rf,spam,smishing,723
MetaSMS,tfidf,rf,smishing,ham,195
MetaSMS,tfidf,rf,smishing,spam,545
MetaSMS,tfidf,rf,smishing,smishing,4322
MetaSMS,tfidf,svm,ham,ham,37395
MetaSMS,tfidf,svm,ham,spam,156
MetaSMS,tfidf,svm,ham,smishing,60
MetaSMS,tfidf,svm,spam,ham,155
MetaSMS,tfidf,svm,spam,spam,2153
MetaSMS,tfidf,svm,spam,smishing,506
MetaSMS,tfidf,svm,smishing,ham,114
MetaSMS,tfidf,svm,smishing,spam,651
MetaSMS,tfidf,svm,smishing,smishing,4297
MetaSMS,w2v,nb,ham,ham,34757
MetaSMS,w2v,nb,ham,spam,1552
MetaSMS,w2v,nb,ham,smishing,1302
MetaSMS,w2v,nb,spam,ham,349
MetaSMS,w2v,nb,spam,spam,1846
MetaSMS,w2v,nb,spam,smishing,619
MetaSMS,w2v,nb,smishing,ham,264
MetaSMS,w2v,nb,smishing,spam,2803
MetaSMS,w2v,nb,smishing,smishing,1995
MetaSMS,w2v,logreg,ham,ham,35001
MetaSMS,w2v,logreg,ham,spam,2048
MetaSMS,w2v,logreg,ham,smishing,562
MetaSMS,w2v,logreg,spam,ham,175
MetaSMS,w2v,logreg,spam,spam,1955
MetaSMS,w2v,logreg,spam,smishing,684
MetaSMS,w2v,logreg,smishing,ham,110
MetaSMS,w2v,logreg,smishing,spam,1525
MetaSMS,w2v,logreg,smishing,smishing,3427
MetaSMS,w2v,rf,ham,ham,37072
MetaSMS,w2v,rf,ham,spam,145
MetaSMS,w2v,rf,ham,smishing,394
MetaSMS,w2v,rf,spam,ham,219
MetaSMS,w2v,rf,spam,spam,1484
MetaSMS,w2v,rf,spam,smishing,1111
MetaSMS,w2v,rf,smishing,ham,166
MetaSMS,w2v,rf,smishing,spam,457
MetaSMS,w2v,rf,smishing,smishing,4439
MetaSMS,w2v,svm,ham,ham,36280
MetaSMS,w2v,svm,ham,spam,883
MetaSMS,w2v,svm,ham,smishing,448
MetaSMS,w2v,svm,spam,ham,364
MetaSMS,w2v,svm,spam,spam,1383
MetaSMS,w2v,svm,spam,smishing,1067
MetaSMS,w2v,svm,smishing,ham,245
MetaSMS,w2v,svm,smishing,spam,991
MetaSMS,w2v,svm,smishing,smishing,3826
MetaSMS,fasttext,nb,ham,ham,34863
MetaSMS,fasttext,nb,ham,spam,2176
MetaSMS,fasttext,nb,ham,smishing,572
MetaSMS,fasttext,nb,spam,ham,204
MetaSMS,fasttext,nb,spam,spam,1991
MetaSMS,fasttext,nb,spam,smishing,619
MetaSMS,fasttext,nb,smishing,ham,190
MetaSMS,fasttext,nb,smishing,spam,2427
MetaSMS,fasttext,nb,smishing,smishing,2445
MetaSMS,fasttext,logreg,ham,ham,35092
MetaSMS,fasttext,logreg,ham,spam,1909
MetaSMS,fasttext,logreg,ham,smishing,610
MetaSMS,fasttext,logreg,spam,ham,176
MetaSMS,fasttext,logreg,spam,spam,2029
MetaSMS,fasttext,logreg,spam,smishing,609
MetaSMS,fasttext,logreg,smishing,ham,115
MetaSMS,fasttext,logreg,smishing,spam,1508
MetaSMS,fasttext,logreg,smishing,smishing,3439
MetaSMS,fasttext,rf,ham,ham,37236
MetaSMS,fasttext,rf,ham,spam,148
MetaSMS,fasttext,rf,ham,smishing,227
MetaSMS,fasttext,rf,spam,ham,228
MetaSMS,fasttext,rf,spam,spam,1598
MetaSMS,fasttext,rf,spam,smishing,988
MetaSMS,fasttext,rf,smishing,ham,181
MetaSMS,fasttext,rf,smishing,spam,467
MetaSMS,fasttext,rf,smishing,smishing,4414
MetaSMS,fasttext,svm,ham,ham,36321
MetaSMS,fasttext,svm,ham,spam,812
MetaSMS,fasttext,svm,ham,smishing,478
MetaSMS,fasttext,svm,spam,ham,354
MetaSMS,fasttext,svm,spam,spam,1426
MetaSMS,fasttext,svm,spam,smishing,1034
MetaSMS,fasttext,svm,smishing,ham,273
MetaSMS,fasttext,svm,smishing,spam,928
MetaSMS,fasttext,svm,smishing,smishing,3861
