dataset,model_key,true_label,predicted_label,count
MetaSMS,phi4_mini_zero-shot_basic_direct,ham,ham,6240
MetaSMS,phi4_mini_zero-shot_basic_direct,ham,spam,144
MetaSMS,phi4_mini_zero-shot_basic_direct,ham,smishing,1884
MetaSMS,phi4_mini_zero-shot_basic_direct,spam,ham,38
MetaSMS,phi4_mini_zero-shot_basic_direct,spam,spam,283
MetaSMS,phi4_mini_zero-shot_basic_direct,spam,smishing,298
MetaSMS,phi4_mini_zero-shot_basic_direct,smishing,ham,38
MetaSMS,phi4_mini_zero-shot_basic_direct,smishing,spam,401
MetaSMS,phi4_mini_zero-shot_basic_direct,smishing,smishing,674
MetaSMS,phi4_mini_zero-shot_expert_direct,ham,ham,6019
MetaSMS,phi4_mini_zero-shot_expert_direct,ham,spam,482
MetaSMS,phi4_mini_zero-shot_expert_direct,ham,smishing,1767
MetaSMS,phi4_mini_zero-shot_expert_direct,spam,ham,28
MetaSMS,phi4_mini_zero-shot_expert_direct,spam,spam,240
MetaSMS,phi4_mini_zero-shot_expert_direct,spam,smishing,351
MetaSMS,phi4_mini_zero-shot_expert_direct,smishing,ham,21
MetaSMS,phi4_mini_zero-shot_expert_direct,smishing,spam,311
MetaSMS,phi4_mini_zero-shot_expert_direct,smishing,smishing,781
MetaSMS,phi4_mini_zero-shot_expert_cot,ham,ham,5886
MetaSMS,phi4_mini_zero-shot_expert_cot,ham,spam,874
MetaSMS,phi4_mini_zero-shot_expert_cot,ham,smishing,1508
MetaSMS,phi4_mini_zero-shot_expert_cot,spam,ham,53
MetaSMS,phi4_mini_zero-shot_expert_cot,spam,spam,152
MetaSMS,phi4_mini_zero-shot_expert_cot,spam,smishing,414
MetaSMS,phi4_mini_zero-shot_expert_cot,smishing,ham,47
MetaSMS,phi4_mini_zero-shot_expert_cot,smishing,spam,165
MetaSMS,phi4_mini_zero-shot_expert_cot,smishing,smishing,901
MetaSMS,phi4_mini_few-shot_expert_cot,ham,ham,6778
MetaSMS,phi4_mini_few-shot_expert_cot,ham,spam,474
MetaSMS,phi4_mini_few-shot_expert_cot,ham,smishing,1016
MetaSMS,phi4_mini_few-shot_expert_cot,spam,ham,88
MetaSMS,phi4_mini_few-shot_expert_cot,spam,spam,134
MetaSMS,phi4_mini_few-shot_expert_cot,spam,smishing,397
MetaSMS,phi4_mini_few-shot_expert_cot,smishing,ham,89
MetaSMS,phi4_mini_few-shot_expert_cot,smishing,spam,157
MetaSMS,phi4_mini_few-shot_expert_cot,smishing,smishing,867
MetaSMS,gemma3_4b_zero-shot_basic_direct,ham,ham,7265
MetaSMS,gemma3_4b_zero-shot_basic_direct,ham,spam,930
MetaSMS,gemma3_4b_zero-shot_basic_direct,ham,smishing,73
MetaSMS,gemma3_4b_zero-shot_basic_direct,spam,ham,37
MetaSMS,gemma3_4b_zero-shot_basic_direct,spam,spam,322
MetaSMS,gemma3_4b_zero-shot_basic_direct,spam,smishing,260
MetaSMS,gemma3_4b_zero-shot_basic_direct,smishing,ham,18
MetaSMS,gemma3_4b_zero-shot_basic_direct,smishing,spam,432
MetaSMS,gemma3_4b_zero-shot_basic_direct,smishing,smishing,663
MetaSMS,gemma3_4b_zero-shot_expert_direct,ham,ham,5822
MetaSMS,gemma3_4b_zero-shot_expert_direct,ham,spam,2254
MetaSMS,gemma3_4b_zero-shot_expert_direct,ham,smishing,192
MetaSMS,gemma3_4b_zero-shot_expert_direct,spam,ham,27
MetaSMS,gemma3_4b_zero-shot_expert_direct,spam,spam,274
MetaSMS,gemma3_4b_zero-shot_expert_direct,spam,smishing,318
MetaSMS,gemma3_4b_zero-shot_expert_direct,smishing,ham,12
MetaSMS,gemma3_4b_zero-shot_expert_direct,smishing,spam,346
MetaSMS,gemma3_4b_zero-shot_expert_direct,smishing,smishing,755
MetaSMS,gemma3_4b_zero-shot_expert_cot,ham,ham,5396
MetaSMS,gemma3_4b_zero-shot_expert_cot,ham,spam,2320
MetaSMS,gemma3_4b_zero-shot_expert_cot,ham,smishing,552
MetaSMS,gemma3_4b_zero-shot_expert_cot,spam,ham,24
MetaSMS,gemma3_4b_zero-shot_expert_cot,spam,spam,246
MetaSMS,gemma3_4b_zero-shot_expert_cot,spam,smishing,349
MetaSMS,gemma3_4b_zero-shot_expert_cot,smishing,ham,10
MetaSMS,gemma3_4b_zero-shot_expert_cot,smishing,spam,298
MetaSMS,gemma3_4b_zero-shot_expert_cot,smishing,smishing,805
MetaSMS,gemma3_4b_few-shot_expert_cot,ham,ham,3908
MetaSMS,gemma3_4b_few-shot_expert_cot,ham,spam,3464
MetaSMS,gemma3_4b_few-shot_expert_cot,ham,smishing,896
MetaSMS,gemma3_4b_few-shot_expert_cot,spam,ham,17
MetaSMS,gemma3_4b_few-shot_expert_cot,spam,spam,223
MetaSMS,gemma3_4b_few-shot_expert_cot,spam,smishing,379
MetaSMS,gemma3_4b_few-shot_expert_cot,smishing,ham,6
MetaSMS,gemma3_4b_few-shot_expert_cot,smishing,spam,253
MetaSMS,gemma3_4b_few-shot_expert_cot,smishing,smishing,854
MetaSMS,qwen35_4b_zero-shot_basic_direct,ham,ham,0
MetaSMS,qwen35_4b_zero-shot_basic_direct,ham,spam,0
MetaSMS,qwen35_4b_zero-shot_basic_direct,ham,smishing,8268
MetaSMS,qwen35_4b_zero-shot_basic_direct,spam,ham,0
MetaSMS,qwen35_4b_zero-shot_basic_direct,spam,spam,0
MetaSMS,qwen35_4b_zero-shot_basic_direct,spam,smishing,619
MetaSMS,qwen35_4b_zero-shot_basic_direct,smishing,ham,0
MetaSMS,qwen35_4b_zero-shot_basic_direct,smishing,spam,0
MetaSMS,qwen35_4b_zero-shot_basic_direct,smishing,smishing,1113
MetaSMS,qwen35_4b_zero-shot_expert_direct,ham,ham,0
MetaSMS,qwen35_4b_zero-shot_expert_direct,ham,spam,0
MetaSMS,qwen35_4b_zero-shot_expert_direct,ham,smishing,8268
MetaSMS,qwen35_4b_zero-shot_expert_direct,spam,ham,0
MetaSMS,qwen35_4b_zero-shot_expert_direct,spam,spam,0
MetaSMS,qwen35_4b_zero-shot_expert_direct,spam,smishing,619
MetaSMS,qwen35_4b_zero-shot_expert_direct,smishing,ham,0
MetaSMS,qwen35_4b_zero-shot_expert_direct,smishing,spam,0
MetaSMS,qwen35_4b_zero-shot_expert_direct,smishing,smishing,1113
MetaSMS,qwen35_4b_zero-shot_basic_direct,ham,ham,8045
MetaSMS,qwen35_4b_zero-shot_basic_direct,ham,spam,223
MetaSMS,qwen35_4b_zero-shot_basic_direct,ham,smishing,0
MetaSMS,qwen35_4b_zero-shot_basic_direct,spam,ham,99
MetaSMS,qwen35_4b_zero-shot_basic_direct,spam,spam,419
MetaSMS,qwen35_4b_zero-shot_basic_direct,spam,smishing,101
MetaSMS,qwen35_4b_zero-shot_basic_direct,smishing,ham,146
MetaSMS,qwen35_4b_zero-shot_basic_direct,smishing,spam,711
MetaSMS,qwen35_4b_zero-shot_basic_direct,smishing,smishing,256
MetaSMS,qwen35_4b_zero-shot_expert_direct,ham,ham,7909
MetaSMS,qwen35_4b_zero-shot_expert_direct,ham,spam,314
MetaSMS,qwen35_4b_zero-shot_expert_direct,ham,smishing,45
MetaSMS,qwen35_4b_zero-shot_expert_direct,spam,ham,53
MetaSMS,qwen35_4b_zero-shot_expert_direct,spam,spam,301
MetaSMS,qwen35_4b_zero-shot_expert_direct,spam,smishing,265
MetaSMS,qwen35_4b_zero-shot_expert_direct,smishing,ham,58
MetaSMS,qwen35_4b_zero-shot_expert_direct,smishing,spam,372
MetaSMS,qwen35_4b_zero-shot_expert_direct,smishing,smishing,683
MetaSMS,qwen35_4b_zero-shot_expert_cot,ham,ham,7336
MetaSMS,qwen35_4b_zero-shot_expert_cot,ham,spam,444
MetaSMS,qwen35_4b_zero-shot_expert_cot,ham,smishing,488
MetaSMS,qwen35_4b_zero-shot_expert_cot,spam,ham,31
MetaSMS,qwen35_4b_zero-shot_expert_cot,spam,spam,180
MetaSMS,qwen35_4b_zero-shot_expert_cot,spam,smishing,408
MetaSMS,qwen35_4b_zero-shot_expert_cot,smishing,ham,23
MetaSMS,qwen35_4b_zero-shot_expert_cot,smishing,spam,192
MetaSMS,qwen35_4b_zero-shot_expert_cot,smishing,smishing,898
MetaSMS,qwen35_4b_few-shot_expert_cot,ham,ham,7253
MetaSMS,qwen35_4b_few-shot_expert_cot,ham,spam,460
MetaSMS,qwen35_4b_few-shot_expert_cot,ham,smishing,555
MetaSMS,qwen35_4b_few-shot_expert_cot,spam,ham,32
MetaSMS,qwen35_4b_few-shot_expert_cot,spam,spam,186
MetaSMS,qwen35_4b_few-shot_expert_cot,spam,smishing,401
MetaSMS,qwen35_4b_few-shot_expert_cot,smishing,ham,19
MetaSMS,qwen35_4b_few-shot_expert_cot,smishing,spam,181
MetaSMS,qwen35_4b_few-shot_expert_cot,smishing,smishing,913
MetaSMS,ministral_8b_zero-shot_basic_direct,ham,ham,6706
MetaSMS,ministral_8b_zero-shot_basic_direct,ham,spam,1486
MetaSMS,ministral_8b_zero-shot_basic_direct,ham,smishing,76
MetaSMS,ministral_8b_zero-shot_basic_direct,spam,ham,33
MetaSMS,ministral_8b_zero-shot_basic_direct,spam,spam,382
MetaSMS,ministral_8b_zero-shot_basic_direct,spam,smishing,204
MetaSMS,ministral_8b_zero-shot_basic_direct,smishing,ham,16
MetaSMS,ministral_8b_zero-shot_basic_direct,smishing,spam,567
MetaSMS,ministral_8b_zero-shot_basic_direct,smishing,smishing,530
MetaSMS,ministral_8b_zero-shot_expert_direct,ham,ham,5935
MetaSMS,ministral_8b_zero-shot_expert_direct,ham,spam,2080
MetaSMS,ministral_8b_zero-shot_expert_direct,ham,smishing,253
MetaSMS,ministral_8b_zero-shot_expert_direct,spam,ham,23
MetaSMS,ministral_8b_zero-shot_expert_direct,spam,spam,247
MetaSMS,ministral_8b_zero-shot_expert_direct,spam,smishing,349
MetaSMS,ministral_8b_zero-shot_expert_direct,smishing,ham,12
MetaSMS,ministral_8b_zero-shot_expert_direct,smishing,spam,267
MetaSMS,ministral_8b_zero-shot_expert_direct,smishing,smishing,834
MetaSMS,ministral_8b_zero-shot_expert_cot,ham,ham,6467
MetaSMS,ministral_8b_zero-shot_expert_cot,ham,spam,1290
MetaSMS,ministral_8b_zero-shot_expert_cot,ham,smishing,511
MetaSMS,ministral_8b_zero-shot_expert_cot,spam,ham,53
MetaSMS,ministral_8b_zero-shot_expert_cot,spam,spam,256
MetaSMS,ministral_8b_zero-shot_expert_cot,spam,smishing,310
MetaSMS,ministral_8b_zero-shot_expert_cot,smishing,ham,46
MetaSMS,ministral_8b_zero-shot_expert_cot,smishing,spam,326
MetaSMS,ministral_8b_zero-shot_expert_cot,smishing,smishing,741
MetaSMS,ministral_8b_few-shot_expert_cot,ham,ham,6803
MetaSMS,ministral_8b_few-shot_expert_cot,ham,spam,858
MetaSMS,ministral_8b_few-shot_expert_cot,ham,smishing,607
MetaSMS,ministral_8b_few-shot_expert_cot,spam,ham,56
MetaSMS,ministral_8b_few-shot_expert_cot,spam,spam,210
MetaSMS,ministral_8b_few-shot_expert_cot,spam,smishing,353
MetaSMS,ministral_8b_few-shot_expert_cot,smishing,ham,58
MetaSMS,ministral_8b_few-shot_expert_cot,smishing,spam,240
MetaSMS,ministral_8b_few-shot_expert_cot,smishing,smishing,815
MetaSMS,falcon3_7b_zero-shot_basic_direct,ham,ham,8006
MetaSMS,falcon3_7b_zero-shot_basic_direct,ham,spam,100
MetaSMS,falcon3_7b_zero-shot_basic_direct,ham,smishing,162
MetaSMS,falcon3_7b_zero-shot_basic_direct,spam,ham,68
MetaSMS,falcon3_7b_zero-shot_basic_direct,spam,spam,196
MetaSMS,falcon3_7b_zero-shot_basic_direct,spam,smishing,355
MetaSMS,falcon3_7b_zero-shot_basic_direct,smishing,ham,69
MetaSMS,falcon3_7b_zero-shot_basic_direct,smishing,spam,235
MetaSMS,falcon3_7b_zero-shot_basic_direct,smishing,smishing,809
MetaSMS,falcon3_7b_zero-shot_expert_direct,ham,ham,7307
MetaSMS,falcon3_7b_zero-shot_expert_direct,ham,spam,818
MetaSMS,falcon3_7b_zero-shot_expert_direct,ham,smishing,143
MetaSMS,falcon3_7b_zero-shot_expert_direct,spam,ham,37
MetaSMS,falcon3_7b_zero-shot_expert_direct,spam,spam,307
MetaSMS,falcon3_7b_zero-shot_expert_direct,spam,smishing,275
MetaSMS,falcon3_7b_zero-shot_expert_direct,smishing,ham,28
MetaSMS,falcon3_7b_zero-shot_expert_direct,smishing,spam,389
MetaSMS,falcon3_7b_zero-shot_expert_direct,smishing,smishing,696
MetaSMS,falcon3_7b_zero-shot_expert_cot,ham,ham,7310
MetaSMS,falcon3_7b_zero-shot_expert_cot,ham,spam,613
MetaSMS,falcon3_7b_zero-shot_expert_cot,ham,smishing,345
MetaSMS,falcon3_7b_zero-shot_expert_cot,spam,ham,66
MetaSMS,falcon3_7b_zero-shot_expert_cot,spam,spam,201
MetaSMS,falcon3_7b_zero-shot_expert_cot,spam,smishing,352
MetaSMS,falcon3_7b_zero-shot_expert_cot,smishing,ham,58
MetaSMS,falcon3_7b_zero-shot_expert_cot,smishing,spam,249
MetaSMS,falcon3_7b_zero-shot_expert_cot,smishing,smishing,806
MetaSMS,falcon3_7b_few-shot_expert_cot,ham,ham,7705
MetaSMS,falcon3_7b_few-shot_expert_cot,ham,spam,307
MetaSMS,falcon3_7b_few-shot_expert_cot,ham,smishing,256
MetaSMS,falcon3_7b_few-shot_expert_cot,spam,ham,82
MetaSMS,falcon3_7b_few-shot_expert_cot,spam,spam,206
MetaSMS,falcon3_7b_few-shot_expert_cot,spam,smishing,331
MetaSMS,falcon3_7b_few-shot_expert_cot,smishing,ham,87
MetaSMS,falcon3_7b_few-shot_expert_cot,smishing,spam,244
MetaSMS,falcon3_7b_few-shot_expert_cot,smishing,smishing,782
MetaSMS,olmoe_1b_7b_zero-shot_basic_direct,ham,ham,2275
MetaSMS,olmoe_1b_7b_zero-shot_basic_direct,ham,spam,3985
MetaSMS,olmoe_1b_7b_zero-shot_basic_direct,ham,smishing,2008
MetaSMS,olmoe_1b_7b_zero-shot_basic_direct,spam,ham,7
MetaSMS,olmoe_1b_7b_zero-shot_basic_direct,spam,spam,453
MetaSMS,olmoe_1b_7b_zero-shot_basic_direct,spam,smishing,159
MetaSMS,olmoe_1b_7b_zero-shot_basic_direct,smishing,ham,12
MetaSMS,olmoe_1b_7b_zero-shot_basic_direct,smishing,spam,865
MetaSMS,olmoe_1b_7b_zero-shot_basic_direct,smishing,smishing,236
MetaSMS,olmoe_1b_7b_zero-shot_expert_direct,ham,ham,391
MetaSMS,olmoe_1b_7b_zero-shot_expert_direct,ham,spam,7089
MetaSMS,olmoe_1b_7b_zero-shot_expert_direct,ham,smishing,788
MetaSMS,olmoe_1b_7b_zero-shot_expert_direct,spam,ham,3
MetaSMS,olmoe_1b_7b_zero-shot_expert_direct,spam,spam,599
MetaSMS,olmoe_1b_7b_zero-shot_expert_direct,spam,smishing,17
MetaSMS,olmoe_1b_7b_zero-shot_expert_direct,smishing,ham,3
MetaSMS,olmoe_1b_7b_zero-shot_expert_direct,smishing,spam,1084
MetaSMS,olmoe_1b_7b_zero-shot_expert_direct,smishing,smishing,26
MetaSMS,olmoe_1b_7b_zero-shot_expert_cot,ham,ham,2529
MetaSMS,olmoe_1b_7b_zero-shot_expert_cot,ham,spam,2520
MetaSMS,olmoe_1b_7b_zero-shot_expert_cot,ham,smishing,3219
MetaSMS,olmoe_1b_7b_zero-shot_expert_cot,spam,ham,25
MetaSMS,olmoe_1b_7b_zero-shot_expert_cot,spam,spam,222
MetaSMS,olmoe_1b_7b_zero-shot_expert_cot,spam,smishing,372
MetaSMS,olmoe_1b_7b_zero-shot_expert_cot,smishing,ham,16
MetaSMS,olmoe_1b_7b_zero-shot_expert_cot,smishing,spam,370
MetaSMS,olmoe_1b_7b_zero-shot_expert_cot,smishing,smishing,727
MetaSMS,olmoe_1b_7b_few-shot_expert_cot,ham,ham,4491
MetaSMS,olmoe_1b_7b_few-shot_expert_cot,ham,spam,681
MetaSMS,olmoe_1b_7b_few-shot_expert_cot,ham,smishing,3096
MetaSMS,olmoe_1b_7b_few-shot_expert_cot,spam,ham,49
MetaSMS,olmoe_1b_7b_few-shot_expert_cot,spam,spam,86
MetaSMS,olmoe_1b_7b_few-shot_expert_cot,spam,smishing,484
MetaSMS,olmoe_1b_7b_few-shot_expert_cot,smishing,ham,47
MetaSMS,olmoe_1b_7b_few-shot_expert_cot,smishing,spam,87
MetaSMS,olmoe_1b_7b_few-shot_expert_cot,smishing,smishing,979
MetaSMS,moonlight_16b_zero-shot_basic_direct,ham,ham,6032
MetaSMS,moonlight_16b_zero-shot_basic_direct,ham,spam,1575
MetaSMS,moonlight_16b_zero-shot_basic_direct,ham,smishing,661
MetaSMS,moonlight_16b_zero-shot_basic_direct,spam,ham,51
MetaSMS,moonlight_16b_zero-shot_basic_direct,spam,spam,135
MetaSMS,moonlight_16b_zero-shot_basic_direct,spam,smishing,433
MetaSMS,moonlight_16b_zero-shot_basic_direct,smishing,ham,32
MetaSMS,moonlight_16b_zero-shot_basic_direct,smishing,spam,232
MetaSMS,moonlight_16b_zero-shot_basic_direct,smishing,smishing,849
MetaSMS,moonlight_16b_zero-shot_expert_direct,ham,ham,5821
MetaSMS,moonlight_16b_zero-shot_expert_direct,ham,spam,2312
MetaSMS,moonlight_16b_zero-shot_expert_direct,ham,smishing,135
MetaSMS,moonlight_16b_zero-shot_expert_direct,spam,ham,35
MetaSMS,moonlight_16b_zero-shot_expert_direct,spam,spam,365
MetaSMS,moonlight_16b_zero-shot_expert_direct,spam,smishing,219
MetaSMS,moonlight_16b_zero-shot_expert_direct,smishing,ham,31
MetaSMS,moonlight_16b_zero-shot_expert_direct,smishing,spam,572
MetaSMS,moonlight_16b_zero-shot_expert_direct,smishing,smishing,510
MetaSMS,moonlight_16b_zero-shot_expert_cot,ham,ham,6317
MetaSMS,moonlight_16b_zero-shot_expert_cot,ham,spam,961
MetaSMS,moonlight_16b_zero-shot_expert_cot,ham,smishing,990
MetaSMS,moonlight_16b_zero-shot_expert_cot,spam,ham,63
MetaSMS,moonlight_16b_zero-shot_expert_cot,spam,spam,148
MetaSMS,moonlight_16b_zero-shot_expert_cot,spam,smishing,408
MetaSMS,moonlight_16b_zero-shot_expert_cot,smishing,ham,71
MetaSMS,moonlight_16b_zero-shot_expert_cot,smishing,spam,207
MetaSMS,moonlight_16b_zero-shot_expert_cot,smishing,smishing,835
MetaSMS,moonlight_16b_few-shot_expert_cot,ham,ham,2440
MetaSMS,moonlight_16b_few-shot_expert_cot,ham,spam,242
MetaSMS,moonlight_16b_few-shot_expert_cot,ham,smishing,5586
MetaSMS,moonlight_16b_few-shot_expert_cot,spam,ham,41
MetaSMS,moonlight_16b_few-shot_expert_cot,spam,spam,94
MetaSMS,moonlight_16b_few-shot_expert_cot,spam,smishing,484
MetaSMS,moonlight_16b_few-shot_expert_cot,smishing,ham,44
MetaSMS,moonlight_16b_few-shot_expert_cot,smishing,spam,101
MetaSMS,moonlight_16b_few-shot_expert_cot,smishing,smishing,968
MetaSMS,gemma4_12b_zero-shot_basic_direct,ham,ham,8219
MetaSMS,gemma4_12b_zero-shot_basic_direct,ham,spam,18
MetaSMS,gemma4_12b_zero-shot_basic_direct,ham,smishing,31
MetaSMS,gemma4_12b_zero-shot_basic_direct,spam,ham,115
MetaSMS,gemma4_12b_zero-shot_basic_direct,spam,spam,107
MetaSMS,gemma4_12b_zero-shot_basic_direct,spam,smishing,397
MetaSMS,gemma4_12b_zero-shot_basic_direct,smishing,ham,109
MetaSMS,gemma4_12b_zero-shot_basic_direct,smishing,spam,100
MetaSMS,gemma4_12b_zero-shot_basic_direct,smishing,smishing,904
MetaSMS,gemma4_12b_zero-shot_expert_direct,ham,ham,8088
MetaSMS,gemma4_12b_zero-shot_expert_direct,ham,spam,139
MetaSMS,gemma4_12b_zero-shot_expert_direct,ham,smishing,41
MetaSMS,gemma4_12b_zero-shot_expert_direct,spam,ham,56
MetaSMS,gemma4_12b_zero-shot_expert_direct,spam,spam,252
MetaSMS,gemma4_12b_zero-shot_expert_direct,spam,smishing,311
MetaSMS,gemma4_12b_zero-shot_expert_direct,smishing,ham,60
MetaSMS,gemma4_12b_zero-shot_expert_direct,smishing,spam,290
MetaSMS,gemma4_12b_zero-shot_expert_direct,smishing,smishing,763
MetaSMS,gemma4_12b_zero-shot_expert_cot,ham,ham,8173
MetaSMS,gemma4_12b_zero-shot_expert_cot,ham,spam,71
MetaSMS,gemma4_12b_zero-shot_expert_cot,ham,smishing,24
MetaSMS,gemma4_12b_zero-shot_expert_cot,spam,ham,74
MetaSMS,gemma4_12b_zero-shot_expert_cot,spam,spam,238
MetaSMS,gemma4_12b_zero-shot_expert_cot,spam,smishing,307
MetaSMS,gemma4_12b_zero-shot_expert_cot,smishing,ham,87
MetaSMS,gemma4_12b_zero-shot_expert_cot,smishing,spam,275
MetaSMS,gemma4_12b_zero-shot_expert_cot,smishing,smishing,751
MetaSMS,gemma4_12b_few-shot_expert_cot,ham,ham,8166
MetaSMS,gemma4_12b_few-shot_expert_cot,ham,spam,76
MetaSMS,gemma4_12b_few-shot_expert_cot,ham,smishing,26
MetaSMS,gemma4_12b_few-shot_expert_cot,spam,ham,64
MetaSMS,gemma4_12b_few-shot_expert_cot,spam,spam,224
MetaSMS,gemma4_12b_few-shot_expert_cot,spam,smishing,331
MetaSMS,gemma4_12b_few-shot_expert_cot,smishing,ham,80
MetaSMS,gemma4_12b_few-shot_expert_cot,smishing,spam,267
MetaSMS,gemma4_12b_few-shot_expert_cot,smishing,smishing,766
MetaSMS,deepseek_r1_14b_zero-shot_basic_direct,ham,ham,13
MetaSMS,deepseek_r1_14b_zero-shot_basic_direct,ham,spam,6
MetaSMS,deepseek_r1_14b_zero-shot_basic_direct,ham,smishing,8249
MetaSMS,deepseek_r1_14b_zero-shot_basic_direct,spam,ham,7
MetaSMS,deepseek_r1_14b_zero-shot_basic_direct,spam,spam,14
MetaSMS,deepseek_r1_14b_zero-shot_basic_direct,spam,smishing,598
MetaSMS,deepseek_r1_14b_zero-shot_basic_direct,smishing,ham,28
MetaSMS,deepseek_r1_14b_zero-shot_basic_direct,smishing,spam,13
MetaSMS,deepseek_r1_14b_zero-shot_basic_direct,smishing,smishing,1072
MetaSMS,deepseek_r1_14b_zero-shot_expert_direct,ham,ham,386
MetaSMS,deepseek_r1_14b_zero-shot_expert_direct,ham,spam,175
MetaSMS,deepseek_r1_14b_zero-shot_expert_direct,ham,smishing,7707
MetaSMS,deepseek_r1_14b_zero-shot_expert_direct,spam,ham,199
MetaSMS,deepseek_r1_14b_zero-shot_expert_direct,spam,spam,164
MetaSMS,deepseek_r1_14b_zero-shot_expert_direct,spam,smishing,256
MetaSMS,deepseek_r1_14b_zero-shot_expert_direct,smishing,ham,441
MetaSMS,deepseek_r1_14b_zero-shot_expert_direct,smishing,spam,198
MetaSMS,deepseek_r1_14b_zero-shot_expert_direct,smishing,smishing,474
MetaSMS,deepseek_r1_14b_zero-shot_expert_cot,ham,ham,492
MetaSMS,deepseek_r1_14b_zero-shot_expert_cot,ham,spam,355
MetaSMS,deepseek_r1_14b_zero-shot_expert_cot,ham,smishing,7421
MetaSMS,deepseek_r1_14b_zero-shot_expert_cot,spam,ham,208
MetaSMS,deepseek_r1_14b_zero-shot_expert_cot,spam,spam,138
MetaSMS,deepseek_r1_14b_zero-shot_expert_cot,spam,smishing,273
MetaSMS,deepseek_r1_14b_zero-shot_expert_cot,smishing,ham,472
MetaSMS,deepseek_r1_14b_zero-shot_expert_cot,smishing,spam,177
MetaSMS,deepseek_r1_14b_zero-shot_expert_cot,smishing,smishing,464
MetaSMS,deepseek_r1_14b_few-shot_expert_cot,ham,ham,115
MetaSMS,deepseek_r1_14b_few-shot_expert_cot,ham,spam,72
MetaSMS,deepseek_r1_14b_few-shot_expert_cot,ham,smishing,8081
MetaSMS,deepseek_r1_14b_few-shot_expert_cot,spam,ham,10
MetaSMS,deepseek_r1_14b_few-shot_expert_cot,spam,spam,10
MetaSMS,deepseek_r1_14b_few-shot_expert_cot,spam,smishing,599
MetaSMS,deepseek_r1_14b_few-shot_expert_cot,smishing,ham,24
MetaSMS,deepseek_r1_14b_few-shot_expert_cot,smishing,spam,13
MetaSMS,deepseek_r1_14b_few-shot_expert_cot,smishing,smishing,1076
MetaSMS,qwen25_14b_zero-shot_basic_direct,ham,ham,7955
MetaSMS,qwen25_14b_zero-shot_basic_direct,ham,spam,175
MetaSMS,qwen25_14b_zero-shot_basic_direct,ham,smishing,138
MetaSMS,qwen25_14b_zero-shot_basic_direct,spam,ham,54
MetaSMS,qwen25_14b_zero-shot_basic_direct,spam,spam,264
MetaSMS,qwen25_14b_zero-shot_basic_direct,spam,smishing,301
MetaSMS,qwen25_14b_zero-shot_basic_direct,smishing,ham,40
MetaSMS,qwen25_14b_zero-shot_basic_direct,smishing,spam,333
MetaSMS,qwen25_14b_zero-shot_basic_direct,smishing,smishing,740
MetaSMS,qwen25_14b_zero-shot_expert_direct,ham,ham,7960
MetaSMS,qwen25_14b_zero-shot_expert_direct,ham,spam,192
MetaSMS,qwen25_14b_zero-shot_expert_direct,ham,smishing,116
MetaSMS,qwen25_14b_zero-shot_expert_direct,spam,ham,53
MetaSMS,qwen25_14b_zero-shot_expert_direct,spam,spam,257
MetaSMS,qwen25_14b_zero-shot_expert_direct,spam,smishing,309
MetaSMS,qwen25_14b_zero-shot_expert_direct,smishing,ham,47
MetaSMS,qwen25_14b_zero-shot_expert_direct,smishing,spam,322
MetaSMS,qwen25_14b_zero-shot_expert_direct,smishing,smishing,744
MetaSMS,qwen25_14b_zero-shot_expert_cot,ham,ham,8022
MetaSMS,qwen25_14b_zero-shot_expert_cot,ham,spam,171
MetaSMS,qwen25_14b_zero-shot_expert_cot,ham,smishing,75
MetaSMS,qwen25_14b_zero-shot_expert_cot,spam,ham,60
MetaSMS,qwen25_14b_zero-shot_expert_cot,spam,spam,305
MetaSMS,qwen25_14b_zero-shot_expert_cot,spam,smishing,254
MetaSMS,qwen25_14b_zero-shot_expert_cot,smishing,ham,64
MetaSMS,qwen25_14b_zero-shot_expert_cot,smishing,spam,404
MetaSMS,qwen25_14b_zero-shot_expert_cot,smishing,smishing,645
MetaSMS,qwen25_14b_few-shot_expert_cot,ham,ham,8065
MetaSMS,qwen25_14b_few-shot_expert_cot,ham,spam,117
MetaSMS,qwen25_14b_few-shot_expert_cot,ham,smishing,86
MetaSMS,qwen25_14b_few-shot_expert_cot,spam,ham,62
MetaSMS,qwen25_14b_few-shot_expert_cot,spam,spam,282
MetaSMS,qwen25_14b_few-shot_expert_cot,spam,smishing,275
MetaSMS,qwen25_14b_few-shot_expert_cot,smishing,ham,64
MetaSMS,qwen25_14b_few-shot_expert_cot,smishing,spam,368
MetaSMS,qwen25_14b_few-shot_expert_cot,smishing,smishing,681
MetaSMS,mistral_nemo_12b_zero-shot_basic_direct,ham,ham,8229
MetaSMS,mistral_nemo_12b_zero-shot_basic_direct,ham,spam,37
MetaSMS,mistral_nemo_12b_zero-shot_basic_direct,ham,smishing,2
MetaSMS,mistral_nemo_12b_zero-shot_basic_direct,spam,ham,560
MetaSMS,mistral_nemo_12b_zero-shot_basic_direct,spam,spam,47
MetaSMS,mistral_nemo_12b_zero-shot_basic_direct,spam,smishing,12
MetaSMS,mistral_nemo_12b_zero-shot_basic_direct,smishing,ham,971
MetaSMS,mistral_nemo_12b_zero-shot_basic_direct,smishing,spam,110
MetaSMS,mistral_nemo_12b_zero-shot_basic_direct,smishing,smishing,32
MetaSMS,mistral_nemo_12b_zero-shot_expert_direct,ham,ham,8263
MetaSMS,mistral_nemo_12b_zero-shot_expert_direct,ham,spam,4
MetaSMS,mistral_nemo_12b_zero-shot_expert_direct,ham,smishing,1
MetaSMS,mistral_nemo_12b_zero-shot_expert_direct,spam,ham,604
MetaSMS,mistral_nemo_12b_zero-shot_expert_direct,spam,spam,9
MetaSMS,mistral_nemo_12b_zero-shot_expert_direct,spam,smishing,6
MetaSMS,mistral_nemo_12b_zero-shot_expert_direct,smishing,ham,1088
MetaSMS,mistral_nemo_12b_zero-shot_expert_direct,smishing,spam,6
MetaSMS,mistral_nemo_12b_zero-shot_expert_direct,smishing,smishing,19
MetaSMS,mistral_nemo_12b_zero-shot_expert_cot,ham,ham,8188
MetaSMS,mistral_nemo_12b_zero-shot_expert_cot,ham,spam,44
MetaSMS,mistral_nemo_12b_zero-shot_expert_cot,ham,smishing,36
MetaSMS,mistral_nemo_12b_zero-shot_expert_cot,spam,ham,509
MetaSMS,mistral_nemo_12b_zero-shot_expert_cot,spam,spam,24
MetaSMS,mistral_nemo_12b_zero-shot_expert_cot,spam,smishing,86
MetaSMS,mistral_nemo_12b_zero-shot_expert_cot,smishing,ham,849
MetaSMS,mistral_nemo_12b_zero-shot_expert_cot,smishing,spam,23
MetaSMS,mistral_nemo_12b_zero-shot_expert_cot,smishing,smishing,241
MetaSMS,mistral_nemo_12b_few-shot_expert_cot,ham,ham,7875
MetaSMS,mistral_nemo_12b_few-shot_expert_cot,ham,spam,116
MetaSMS,mistral_nemo_12b_few-shot_expert_cot,ham,smishing,277
MetaSMS,mistral_nemo_12b_few-shot_expert_cot,spam,ham,152
MetaSMS,mistral_nemo_12b_few-shot_expert_cot,spam,spam,114
MetaSMS,mistral_nemo_12b_few-shot_expert_cot,spam,smishing,353
MetaSMS,mistral_nemo_12b_few-shot_expert_cot,smishing,ham,243
MetaSMS,mistral_nemo_12b_few-shot_expert_cot,smishing,spam,123
MetaSMS,mistral_nemo_12b_few-shot_expert_cot,smishing,smishing,747
MetaSMS,qwen35_35b_moe_zero-shot_basic_direct,ham,ham,8133
MetaSMS,qwen35_35b_moe_zero-shot_basic_direct,ham,spam,107
MetaSMS,qwen35_35b_moe_zero-shot_basic_direct,ham,smishing,28
MetaSMS,qwen35_35b_moe_zero-shot_basic_direct,spam,ham,74
MetaSMS,qwen35_35b_moe_zero-shot_basic_direct,spam,spam,266
MetaSMS,qwen35_35b_moe_zero-shot_basic_direct,spam,smishing,279
MetaSMS,qwen35_35b_moe_zero-shot_basic_direct,smishing,ham,76
MetaSMS,qwen35_35b_moe_zero-shot_basic_direct,smishing,spam,320
MetaSMS,qwen35_35b_moe_zero-shot_basic_direct,smishing,smishing,717
MetaSMS,qwen35_35b_moe_zero-shot_expert_direct,ham,ham,8112
MetaSMS,qwen35_35b_moe_zero-shot_expert_direct,ham,spam,138
MetaSMS,qwen35_35b_moe_zero-shot_expert_direct,ham,smishing,18
MetaSMS,qwen35_35b_moe_zero-shot_expert_direct,spam,ham,59
MetaSMS,qwen35_35b_moe_zero-shot_expert_direct,spam,spam,286
MetaSMS,qwen35_35b_moe_zero-shot_expert_direct,spam,smishing,274
MetaSMS,qwen35_35b_moe_zero-shot_expert_direct,smishing,ham,62
MetaSMS,qwen35_35b_moe_zero-shot_expert_direct,smishing,spam,372
MetaSMS,qwen35_35b_moe_zero-shot_expert_direct,smishing,smishing,679
MetaSMS,qwen35_35b_moe_zero-shot_expert_cot,ham,ham,8114
MetaSMS,qwen35_35b_moe_zero-shot_expert_cot,ham,spam,103
MetaSMS,qwen35_35b_moe_zero-shot_expert_cot,ham,smishing,51
MetaSMS,qwen35_35b_moe_zero-shot_expert_cot,spam,ham,74
MetaSMS,qwen35_35b_moe_zero-shot_expert_cot,spam,spam,245
MetaSMS,qwen35_35b_moe_zero-shot_expert_cot,spam,smishing,300
MetaSMS,qwen35_35b_moe_zero-shot_expert_cot,smishing,ham,90
MetaSMS,qwen35_35b_moe_zero-shot_expert_cot,smishing,spam,288
MetaSMS,qwen35_35b_moe_zero-shot_expert_cot,smishing,smishing,735
MetaSMS,qwen35_35b_moe_few-shot_expert_cot,ham,ham,8098
MetaSMS,qwen35_35b_moe_few-shot_expert_cot,ham,spam,99
MetaSMS,qwen35_35b_moe_few-shot_expert_cot,ham,smishing,71
MetaSMS,qwen35_35b_moe_few-shot_expert_cot,spam,ham,68
MetaSMS,qwen35_35b_moe_few-shot_expert_cot,spam,spam,238
MetaSMS,qwen35_35b_moe_few-shot_expert_cot,spam,smishing,313
MetaSMS,qwen35_35b_moe_few-shot_expert_cot,smishing,ham,68
MetaSMS,qwen35_35b_moe_few-shot_expert_cot,smishing,spam,296
MetaSMS,qwen35_35b_moe_few-shot_expert_cot,smishing,smishing,749
MetaSMS,olmoe_1b_7b_zero-shot_basic_direct,ham,ham,386
MetaSMS,olmoe_1b_7b_zero-shot_basic_direct,ham,spam,1630
MetaSMS,olmoe_1b_7b_zero-shot_basic_direct,ham,smishing,6252
MetaSMS,olmoe_1b_7b_zero-shot_basic_direct,spam,ham,1
MetaSMS,olmoe_1b_7b_zero-shot_basic_direct,spam,spam,134
MetaSMS,olmoe_1b_7b_zero-shot_basic_direct,spam,smishing,484
MetaSMS,olmoe_1b_7b_zero-shot_basic_direct,smishing,ham,2
MetaSMS,olmoe_1b_7b_zero-shot_basic_direct,smishing,spam,248
MetaSMS,olmoe_1b_7b_zero-shot_basic_direct,smishing,smishing,863
MetaSMS,olmoe_1b_7b_zero-shot_expert_direct,ham,ham,1246
MetaSMS,olmoe_1b_7b_zero-shot_expert_direct,ham,spam,6986
MetaSMS,olmoe_1b_7b_zero-shot_expert_direct,ham,smishing,36
MetaSMS,olmoe_1b_7b_zero-shot_expert_direct,spam,ham,4
MetaSMS,olmoe_1b_7b_zero-shot_expert_direct,spam,spam,609
MetaSMS,olmoe_1b_7b_zero-shot_expert_direct,spam,smishing,6
MetaSMS,olmoe_1b_7b_zero-shot_expert_direct,smishing,ham,6
MetaSMS,olmoe_1b_7b_zero-shot_expert_direct,smishing,spam,1092
MetaSMS,olmoe_1b_7b_zero-shot_expert_direct,smishing,smishing,15
MetaSMS,olmoe_1b_7b_zero-shot_expert_cot,ham,ham,2235
MetaSMS,olmoe_1b_7b_zero-shot_expert_cot,ham,spam,2035
MetaSMS,olmoe_1b_7b_zero-shot_expert_cot,ham,smishing,3998
MetaSMS,olmoe_1b_7b_zero-shot_expert_cot,spam,ham,19
MetaSMS,olmoe_1b_7b_zero-shot_expert_cot,spam,spam,170
MetaSMS,olmoe_1b_7b_zero-shot_expert_cot,spam,smishing,430
MetaSMS,olmoe_1b_7b_zero-shot_expert_cot,smishing,ham,9
MetaSMS,olmoe_1b_7b_zero-shot_expert_cot,smishing,spam,297
MetaSMS,olmoe_1b_7b_zero-shot_expert_cot,smishing,smishing,807
MetaSMS,olmoe_1b_7b_few-shot_expert_cot,ham,ham,3564
MetaSMS,olmoe_1b_7b_few-shot_expert_cot,ham,spam,1070
MetaSMS,olmoe_1b_7b_few-shot_expert_cot,ham,smishing,3634
MetaSMS,olmoe_1b_7b_few-shot_expert_cot,spam,ham,43
MetaSMS,olmoe_1b_7b_few-shot_expert_cot,spam,spam,90
MetaSMS,olmoe_1b_7b_few-shot_expert_cot,spam,smishing,486
MetaSMS,olmoe_1b_7b_few-shot_expert_cot,smishing,ham,35
MetaSMS,olmoe_1b_7b_few-shot_expert_cot,smishing,spam,76
MetaSMS,olmoe_1b_7b_few-shot_expert_cot,smishing,smishing,1002
MetaSMS,deepseek_r1_14b_zero-shot_basic_direct,ham,ham,0
MetaSMS,deepseek_r1_14b_zero-shot_basic_direct,ham,spam,2
MetaSMS,deepseek_r1_14b_zero-shot_basic_direct,ham,smishing,8266
MetaSMS,deepseek_r1_14b_zero-shot_basic_direct,spam,ham,0
MetaSMS,deepseek_r1_14b_zero-shot_basic_direct,spam,spam,0
MetaSMS,deepseek_r1_14b_zero-shot_basic_direct,spam,smishing,619
MetaSMS,deepseek_r1_14b_zero-shot_basic_direct,smishing,ham,0
MetaSMS,deepseek_r1_14b_zero-shot_basic_direct,smishing,spam,0
MetaSMS,deepseek_r1_14b_zero-shot_basic_direct,smishing,smishing,1113
MetaSMS,deepseek_r1_14b_zero-shot_expert_direct,ham,ham,219
MetaSMS,deepseek_r1_14b_zero-shot_expert_direct,ham,spam,163
MetaSMS,deepseek_r1_14b_zero-shot_expert_direct,ham,smishing,7886
MetaSMS,deepseek_r1_14b_zero-shot_expert_direct,spam,ham,7
MetaSMS,deepseek_r1_14b_zero-shot_expert_direct,spam,spam,20
MetaSMS,deepseek_r1_14b_zero-shot_expert_direct,spam,smishing,592
MetaSMS,deepseek_r1_14b_zero-shot_expert_direct,smishing,ham,6
MetaSMS,deepseek_r1_14b_zero-shot_expert_direct,smishing,spam,40
MetaSMS,deepseek_r1_14b_zero-shot_expert_direct,smishing,smishing,1067
MetaSMS,deepseek_r1_14b_zero-shot_expert_cot,ham,ham,108
MetaSMS,deepseek_r1_14b_zero-shot_expert_cot,ham,spam,146
MetaSMS,deepseek_r1_14b_zero-shot_expert_cot,ham,smishing,8014
MetaSMS,deepseek_r1_14b_zero-shot_expert_cot,spam,ham,4
MetaSMS,deepseek_r1_14b_zero-shot_expert_cot,spam,spam,32
MetaSMS,deepseek_r1_14b_zero-shot_expert_cot,spam,smishing,583
MetaSMS,deepseek_r1_14b_zero-shot_expert_cot,smishing,ham,18
MetaSMS,deepseek_r1_14b_zero-shot_expert_cot,smishing,spam,53
MetaSMS,deepseek_r1_14b_zero-shot_expert_cot,smishing,smishing,1042
MetaSMS,deepseek_r1_14b_few-shot_expert_cot,ham,ham,19
MetaSMS,deepseek_r1_14b_few-shot_expert_cot,ham,spam,18
MetaSMS,deepseek_r1_14b_few-shot_expert_cot,ham,smishing,8231
MetaSMS,deepseek_r1_14b_few-shot_expert_cot,spam,ham,0
MetaSMS,deepseek_r1_14b_few-shot_expert_cot,spam,spam,2
MetaSMS,deepseek_r1_14b_few-shot_expert_cot,spam,smishing,617
MetaSMS,deepseek_r1_14b_few-shot_expert_cot,smishing,ham,2
MetaSMS,deepseek_r1_14b_few-shot_expert_cot,smishing,spam,0
MetaSMS,deepseek_r1_14b_few-shot_expert_cot,smishing,smishing,1111
MetaSMS,mistral_nemo_12b_zero-shot_basic_direct,ham,ham,8197
MetaSMS,mistral_nemo_12b_zero-shot_basic_direct,ham,spam,66
MetaSMS,mistral_nemo_12b_zero-shot_basic_direct,ham,smishing,5
MetaSMS,mistral_nemo_12b_zero-shot_basic_direct,spam,ham,526
MetaSMS,mistral_nemo_12b_zero-shot_basic_direct,spam,spam,65
MetaSMS,mistral_nemo_12b_zero-shot_basic_direct,spam,smishing,28
MetaSMS,mistral_nemo_12b_zero-shot_basic_direct,smishing,ham,891
MetaSMS,mistral_nemo_12b_zero-shot_basic_direct,smishing,spam,156
MetaSMS,mistral_nemo_12b_zero-shot_basic_direct,smishing,smishing,66
MetaSMS,mistral_nemo_12b_zero-shot_expert_direct,ham,ham,8261
MetaSMS,mistral_nemo_12b_zero-shot_expert_direct,ham,spam,5
MetaSMS,mistral_nemo_12b_zero-shot_expert_direct,ham,smishing,2
MetaSMS,mistral_nemo_12b_zero-shot_expert_direct,spam,ham,601
MetaSMS,mistral_nemo_12b_zero-shot_expert_direct,spam,spam,14
MetaSMS,mistral_nemo_12b_zero-shot_expert_direct,spam,smishing,4
MetaSMS,mistral_nemo_12b_zero-shot_expert_direct,smishing,ham,1071
MetaSMS,mistral_nemo_12b_zero-shot_expert_direct,smishing,spam,13
MetaSMS,mistral_nemo_12b_zero-shot_expert_direct,smishing,smishing,29
MetaSMS,mistral_nemo_12b_zero-shot_expert_cot,ham,ham,8132
MetaSMS,mistral_nemo_12b_zero-shot_expert_cot,ham,spam,78
MetaSMS,mistral_nemo_12b_zero-shot_expert_cot,ham,smishing,58
MetaSMS,mistral_nemo_12b_zero-shot_expert_cot,spam,ham,445
MetaSMS,mistral_nemo_12b_zero-shot_expert_cot,spam,spam,36
MetaSMS,mistral_nemo_12b_zero-shot_expert_cot,spam,smishing,138
MetaSMS,mistral_nemo_12b_zero-shot_expert_cot,smishing,ham,740
MetaSMS,mistral_nemo_12b_zero-shot_expert_cot,smishing,spam,53
MetaSMS,mistral_nemo_12b_zero-shot_expert_cot,smishing,smishing,320
MetaSMS,mistral_nemo_12b_few-shot_expert_cot,ham,ham,7844
MetaSMS,mistral_nemo_12b_few-shot_expert_cot,ham,spam,158
MetaSMS,mistral_nemo_12b_few-shot_expert_cot,ham,smishing,266
MetaSMS,mistral_nemo_12b_few-shot_expert_cot,spam,ham,179
MetaSMS,mistral_nemo_12b_few-shot_expert_cot,spam,spam,132
MetaSMS,mistral_nemo_12b_few-shot_expert_cot,spam,smishing,308
MetaSMS,mistral_nemo_12b_few-shot_expert_cot,smishing,ham,273
MetaSMS,mistral_nemo_12b_few-shot_expert_cot,smishing,spam,136
MetaSMS,mistral_nemo_12b_few-shot_expert_cot,smishing,smishing,704
MetaSMS,phi4_mini_dynamic-few-shot_expert_cot,ham,ham,8026
MetaSMS,phi4_mini_dynamic-few-shot_expert_cot,ham,spam,86
MetaSMS,phi4_mini_dynamic-few-shot_expert_cot,ham,smishing,156
MetaSMS,phi4_mini_dynamic-few-shot_expert_cot,spam,ham,55
MetaSMS,phi4_mini_dynamic-few-shot_expert_cot,spam,spam,195
MetaSMS,phi4_mini_dynamic-few-shot_expert_cot,spam,smishing,369
MetaSMS,phi4_mini_dynamic-few-shot_expert_cot,smishing,ham,54
MetaSMS,phi4_mini_dynamic-few-shot_expert_cot,smishing,spam,96
MetaSMS,phi4_mini_dynamic-few-shot_expert_cot,smishing,smishing,963
MetaSMS,gemma3_4b_dynamic-few-shot_expert_cot,ham,ham,6489
MetaSMS,gemma3_4b_dynamic-few-shot_expert_cot,ham,spam,1189
MetaSMS,gemma3_4b_dynamic-few-shot_expert_cot,ham,smishing,590
MetaSMS,gemma3_4b_dynamic-few-shot_expert_cot,spam,ham,13
MetaSMS,gemma3_4b_dynamic-few-shot_expert_cot,spam,spam,223
MetaSMS,gemma3_4b_dynamic-few-shot_expert_cot,spam,smishing,383
MetaSMS,gemma3_4b_dynamic-few-shot_expert_cot,smishing,ham,11
MetaSMS,gemma3_4b_dynamic-few-shot_expert_cot,smishing,spam,132
MetaSMS,gemma3_4b_dynamic-few-shot_expert_cot,smishing,smishing,970
MetaSMS,qwen35_4b_dynamic-few-shot_expert_cot,ham,ham,7994
MetaSMS,qwen35_4b_dynamic-few-shot_expert_cot,ham,spam,137
MetaSMS,qwen35_4b_dynamic-few-shot_expert_cot,ham,smishing,137
MetaSMS,qwen35_4b_dynamic-few-shot_expert_cot,spam,ham,26
MetaSMS,qwen35_4b_dynamic-few-shot_expert_cot,spam,spam,251
MetaSMS,qwen35_4b_dynamic-few-shot_expert_cot,spam,smishing,342
MetaSMS,qwen35_4b_dynamic-few-shot_expert_cot,smishing,ham,21
MetaSMS,qwen35_4b_dynamic-few-shot_expert_cot,smishing,spam,122
MetaSMS,qwen35_4b_dynamic-few-shot_expert_cot,smishing,smishing,970
MetaSMS,ministral_8b_dynamic-few-shot_expert_cot,ham,ham,6907
MetaSMS,ministral_8b_dynamic-few-shot_expert_cot,ham,spam,681
MetaSMS,ministral_8b_dynamic-few-shot_expert_cot,ham,smishing,680
MetaSMS,ministral_8b_dynamic-few-shot_expert_cot,spam,ham,27
MetaSMS,ministral_8b_dynamic-few-shot_expert_cot,spam,spam,204
MetaSMS,ministral_8b_dynamic-few-shot_expert_cot,spam,smishing,388
MetaSMS,ministral_8b_dynamic-few-shot_expert_cot,smishing,ham,31
MetaSMS,ministral_8b_dynamic-few-shot_expert_cot,smishing,spam,124
MetaSMS,ministral_8b_dynamic-few-shot_expert_cot,smishing,smishing,958
MetaSMS,falcon3_7b_dynamic-few-shot_expert_cot,ham,ham,8268
MetaSMS,falcon3_7b_dynamic-few-shot_expert_cot,ham,spam,0
MetaSMS,falcon3_7b_dynamic-few-shot_expert_cot,ham,smishing,0
MetaSMS,falcon3_7b_dynamic-few-shot_expert_cot,spam,ham,619
MetaSMS,falcon3_7b_dynamic-few-shot_expert_cot,spam,spam,0
MetaSMS,falcon3_7b_dynamic-few-shot_expert_cot,spam,smishing,0
MetaSMS,falcon3_7b_dynamic-few-shot_expert_cot,smishing,ham,1113
MetaSMS,falcon3_7b_dynamic-few-shot_expert_cot,smishing,spam,0
MetaSMS,falcon3_7b_dynamic-few-shot_expert_cot,smishing,smishing,0
MetaSMS,olmoe_1b_7b_dynamic-few-shot_expert_cot,ham,ham,3483
MetaSMS,olmoe_1b_7b_dynamic-few-shot_expert_cot,ham,spam,1560
MetaSMS,olmoe_1b_7b_dynamic-few-shot_expert_cot,ham,smishing,3225
MetaSMS,olmoe_1b_7b_dynamic-few-shot_expert_cot,spam,ham,19
MetaSMS,olmoe_1b_7b_dynamic-few-shot_expert_cot,spam,spam,200
MetaSMS,olmoe_1b_7b_dynamic-few-shot_expert_cot,spam,smishing,400
MetaSMS,olmoe_1b_7b_dynamic-few-shot_expert_cot,smishing,ham,15
MetaSMS,olmoe_1b_7b_dynamic-few-shot_expert_cot,smishing,spam,128
MetaSMS,olmoe_1b_7b_dynamic-few-shot_expert_cot,smishing,smishing,970
MetaSMS,moonlight_16b_dynamic-few-shot_expert_cot,ham,ham,7686
MetaSMS,moonlight_16b_dynamic-few-shot_expert_cot,ham,spam,159
MetaSMS,moonlight_16b_dynamic-few-shot_expert_cot,ham,smishing,423
MetaSMS,moonlight_16b_dynamic-few-shot_expert_cot,spam,ham,46
MetaSMS,moonlight_16b_dynamic-few-shot_expert_cot,spam,spam,173
MetaSMS,moonlight_16b_dynamic-few-shot_expert_cot,spam,smishing,400
MetaSMS,moonlight_16b_dynamic-few-shot_expert_cot,smishing,ham,60
MetaSMS,moonlight_16b_dynamic-few-shot_expert_cot,smishing,spam,91
MetaSMS,moonlight_16b_dynamic-few-shot_expert_cot,smishing,smishing,962
MetaSMS,gemma4_12b_dynamic-few-shot_expert_cot,ham,ham,8242
MetaSMS,gemma4_12b_dynamic-few-shot_expert_cot,ham,spam,13
MetaSMS,gemma4_12b_dynamic-few-shot_expert_cot,ham,smishing,13
MetaSMS,gemma4_12b_dynamic-few-shot_expert_cot,spam,ham,34
MetaSMS,gemma4_12b_dynamic-few-shot_expert_cot,spam,spam,299
MetaSMS,gemma4_12b_dynamic-few-shot_expert_cot,spam,smishing,286
MetaSMS,gemma4_12b_dynamic-few-shot_expert_cot,smishing,ham,38
MetaSMS,gemma4_12b_dynamic-few-shot_expert_cot,smishing,spam,203
MetaSMS,gemma4_12b_dynamic-few-shot_expert_cot,smishing,smishing,872
MetaSMS,deepseek_r1_14b_dynamic-few-shot_expert_cot,ham,ham,11
MetaSMS,deepseek_r1_14b_dynamic-few-shot_expert_cot,ham,spam,25
MetaSMS,deepseek_r1_14b_dynamic-few-shot_expert_cot,ham,smishing,8232
MetaSMS,deepseek_r1_14b_dynamic-few-shot_expert_cot,spam,ham,0
MetaSMS,deepseek_r1_14b_dynamic-few-shot_expert_cot,spam,spam,0
MetaSMS,deepseek_r1_14b_dynamic-few-shot_expert_cot,spam,smishing,619
MetaSMS,deepseek_r1_14b_dynamic-few-shot_expert_cot,smishing,ham,0
MetaSMS,deepseek_r1_14b_dynamic-few-shot_expert_cot,smishing,spam,0
MetaSMS,deepseek_r1_14b_dynamic-few-shot_expert_cot,smishing,smishing,1113
MetaSMS,qwen25_14b_dynamic-few-shot_expert_cot,ham,ham,8222
MetaSMS,qwen25_14b_dynamic-few-shot_expert_cot,ham,spam,27
MetaSMS,qwen25_14b_dynamic-few-shot_expert_cot,ham,smishing,19
MetaSMS,qwen25_14b_dynamic-few-shot_expert_cot,spam,ham,38
MetaSMS,qwen25_14b_dynamic-few-shot_expert_cot,spam,spam,329
MetaSMS,qwen25_14b_dynamic-few-shot_expert_cot,spam,smishing,252
MetaSMS,qwen25_14b_dynamic-few-shot_expert_cot,smishing,ham,44
MetaSMS,qwen25_14b_dynamic-few-shot_expert_cot,smishing,spam,248
MetaSMS,qwen25_14b_dynamic-few-shot_expert_cot,smishing,smishing,821
MetaSMS,mistral_nemo_12b_dynamic-few-shot_expert_cot,ham,ham,8029
MetaSMS,mistral_nemo_12b_dynamic-few-shot_expert_cot,ham,spam,84
MetaSMS,mistral_nemo_12b_dynamic-few-shot_expert_cot,ham,smishing,155
MetaSMS,mistral_nemo_12b_dynamic-few-shot_expert_cot,spam,ham,286
MetaSMS,mistral_nemo_12b_dynamic-few-shot_expert_cot,spam,spam,111
MetaSMS,mistral_nemo_12b_dynamic-few-shot_expert_cot,spam,smishing,222
MetaSMS,mistral_nemo_12b_dynamic-few-shot_expert_cot,smishing,ham,556
MetaSMS,mistral_nemo_12b_dynamic-few-shot_expert_cot,smishing,spam,54
MetaSMS,mistral_nemo_12b_dynamic-few-shot_expert_cot,smishing,smishing,503
MetaSMS,qwen35_35b_moe_dynamic-few-shot_expert_cot,ham,ham,8227
MetaSMS,qwen35_35b_moe_dynamic-few-shot_expert_cot,ham,spam,21
MetaSMS,qwen35_35b_moe_dynamic-few-shot_expert_cot,ham,smishing,20
MetaSMS,qwen35_35b_moe_dynamic-few-shot_expert_cot,spam,ham,43
MetaSMS,qwen35_35b_moe_dynamic-few-shot_expert_cot,spam,spam,285
MetaSMS,qwen35_35b_moe_dynamic-few-shot_expert_cot,spam,smishing,291
MetaSMS,qwen35_35b_moe_dynamic-few-shot_expert_cot,smishing,ham,44
MetaSMS,qwen35_35b_moe_dynamic-few-shot_expert_cot,smishing,spam,180
MetaSMS,qwen35_35b_moe_dynamic-few-shot_expert_cot,smishing,smishing,889
