val_macro_f1,val_accuracy,test_macro_f1,test_accuracy,test_f1_ham,test_f1_spam,test_f1_smishing,fit_time_s,predict_time_s,dataset,model_key,n_train,n_val,n_test
0.0,0.0,0.5288395234972906,0.7197,0.8557323093801427,0.39115411195577054,0.3396321491559587,0.0,65.47445516614243,MetaSMS,phi4_mini_zero-shot_basic_direct,0,0,10000
0.0,0.0,0.5065310485952855,0.704,0.8397042410714286,0.29055690072639223,0.3893320039880359,0.0,69.04999575717375,MetaSMS,phi4_mini_zero-shot_expert_direct,0,0,10000
0.0,0.0,0.48388481446388726,0.6939,0.8258734390346569,0.16795580110497238,0.4578252032520325,0.0,285.77019541105255,MetaSMS,phi4_mini_zero-shot_expert_cot,0,0,10000
0.0,0.0,0.5317294769935468,0.7779,0.8904946462589503,0.1936416184971098,0.51105216622458,0.0,279.99117905832827,MetaSMS,phi4_mini_few-shot_expert_cot,0,0,10000
0.0,0.0,0.6134988443021929,0.825,0.9321272773928663,0.2796352583586626,0.6287339971550497,0.0,69.13865186786279,MetaSMS,gemma3_4b_zero-shot_basic_direct,0,0,10000
0.0,0.0,0.5386643954470149,0.6851,0.8241206030150754,0.1568851989693673,0.6349873843566022,0.0,66.17082818504423,MetaSMS,gemma3_4b_zero-shot_expert_direct,0,0,10000
0.0,0.0,0.5000780966826173,0.6447,0.7878522412030954,0.14125753660637383,0.5711245122383825,0.0,283.0100415009074,MetaSMS,gemma3_4b_zero-shot_expert_cot,0,0,10000
0.0,0.0,0.42179067093029987,0.4985,0.6407082547749815,0.09782847115595525,0.526835286859963,0.0,288.41923553170636,MetaSMS,gemma3_4b_few-shot_expert_cot,0,0,10000
0.0,0.0,0.5816614422209206,0.872,0.9717357168740186,0.4249492900608519,0.34829931972789113,0.0,99.83712315093726,MetaSMS,qwen35_4b_zero-shot_basic_direct,0,0,10000
0.0,0.0,0.6648705721635378,0.8893,0.9711444007858546,0.37484433374844334,0.6486229819563153,0.0,112.19019004330039,MetaSMS,qwen35_4b_zero-shot_expert_direct,0,0,10000
0.0,0.0,0.6019063774499912,0.8414,0.9370289947630605,0.2508710801393728,0.6178190574475404,0.0,259.36738902004436,MetaSMS,qwen35_4b_zero-shot_expert_cot,0,0,10000
0.0,0.0,0.6003819727595222,0.8352,0.9315437965579245,0.2572614107883817,0.6123407109322603,0.0,319.53673464478925,MetaSMS,qwen35_4b_few-shot_expert_cot,0,0,10000
0.0,0.0,0.5647167321570211,0.7618,0.8927644278772549,0.2501637197118533,0.5512220488819553,0.0,36.969115963205695,MetaSMS,ministral_8b_zero-shot_basic_direct,0,0,10000
0.0,0.0,0.5472697199042678,0.7016,0.833684506250878,0.1537503890445067,0.6543742644174186,0.0,37.058514351025224,MetaSMS,ministral_8b_zero-shot_expert_direct,0,0,10000
0.0,0.0,0.5438248347787222,0.7464,0.8719158689497101,0.20553994379767163,0.554018691588785,0.0,96.17992245033383,MetaSMS,ministral_8b_zero-shot_expert_cot,0,0,10000
0.0,0.0,0.5594585360822766,0.7828,0.8960158050707936,0.21795537104307214,0.564404432132964,0.0,102.97647236427292,MetaSMS,ministral_8b_few-shot_expert_cot,0,0,10000
0.0,0.0,0.659981079421589,0.9011,0.9756870391810372,0.3408695652173913,0.6633866338663387,0.0,29.479768604040146,MetaSMS,falcon3_7b_zero-shot_basic_direct,0,0,10000
0.0,0.0,0.6157708613449834,0.831,0.9343989769820972,0.28785747773089543,0.6250561293219578,0.0,28.39705480216071,MetaSMS,falcon3_7b_zero-shot_expert_direct,0,0,10000
0.0,0.0,0.5954335736071121,0.8317,0.9310915806903579,0.2390011890606421,0.6162079510703364,0.0,88.02079947991297,MetaSMS,falcon3_7b_zero-shot_expert_cot,0,0,10000
0.0,0.0,0.6280693501250522,0.8693,0.9546524594226242,0.29941860465116277,0.6301369863013698,0.0,95.6895192079246,MetaSMS,falcon3_7b_few-shot_expert_cot,0,0,10000
0.0,0.0,0.4999412765319969,0.7016,0.8387679899881805,0.10542756735650137,0.555628272251309,0.0,28.383567354176193,MetaSMS,moonlight_16b_zero-shot_basic_direct,0,0,10000
0.0,0.0,0.5090422722872728,0.6696,0.8224655598728364,0.18872802481902792,0.5159332321699545,0.0,26.677795046940446,MetaSMS,moonlight_16b_zero-shot_expert_direct,0,0,10000
0.0,0.0,0.5034737794439608,0.73,0.8583463550512942,0.1529715762273902,0.49910340705319783,0.0,162.01179085718468,MetaSMS,moonlight_16b_zero-shot_expert_cot,0,0,10000
0.0,0.0,0.289230693621088,0.3502,0.45214490873714447,0.17803030303030304,0.23751686909581646,0.0,191.58813548414037,MetaSMS,moonlight_16b_few-shot_expert_cot,0,0,10000
0.0,0.0,0.6588954200790996,0.923,0.9836634552091437,0.25355450236966826,0.7394683026584867,0.0,72.81402217177674,MetaSMS,gemma4_12b_zero-shot_basic_direct,0,0,10000
0.0,0.0,0.6848805431502929,0.9103,0.982030111704711,0.38769230769230767,0.6849192100538599,0.0,79.91379976691678,MetaSMS,gemma4_12b_zero-shot_expert_direct,0,0,10000
0.0,0.0,0.6881800347282025,0.9162,0.9845801710637273,0.39567747298420614,0.6842824601366743,0.0,175.14339787885547,MetaSMS,gemma4_12b_zero-shot_expert_cot,0,0,10000
0.0,0.0,0.6826844725362302,0.9156,0.9851610568222946,0.3777403035413153,0.6851520572450805,0.0,195.52289377432317,MetaSMS,gemma4_12b_few-shot_expert_cot,0,0,10000
0.0,0.0,0.6667879938069161,0.8959,0.9750566893424036,0.3795830337886413,0.6457242582897034,0.0,57.67167307808995,MetaSMS,qwen25_14b_zero-shot_basic_direct,0,0,10000
0.0,0.0,0.6656186728014476,0.8961,0.9750122488975992,0.3697841726618705,0.6520595968448729,0.0,64.81202445086092,MetaSMS,qwen25_14b_zero-shot_expert_direct,0,0,10000
0.0,0.0,0.6675027828786563,0.8972,0.9774582673327648,0.4069379586390927,0.6181121226641112,0.0,198.33614667737857,MetaSMS,qwen25_14b_zero-shot_expert_cot,0,0,10000
0.0,0.0,0.672985301559066,0.9028,0.9800109362658728,0.4069264069264069,0.6320185614849188,0.0,194.23391579976305,MetaSMS,qwen25_14b_few-shot_expert_cot,0,0,10000
0.0,0.0,0.686434153854071,0.9116,0.9827804966467283,0.4054878048780488,0.6710341600374357,0.0,442.6634294181131,MetaSMS,qwen35_35b_moe_zero-shot_basic_direct,0,0,10000
0.0,0.0,0.6796949664034121,0.9077,0.9832131385976608,0.4042402826855124,0.6516314779270633,0.0,426.2077789627947,MetaSMS,qwen35_35b_moe_zero-shot_expert_direct,0,0,10000
0.0,0.0,0.6799015918991232,0.9094,0.9807808533784601,0.3904382470119522,0.6684856753069577,0.0,2962.512340332847,MetaSMS,qwen35_35b_moe_zero-shot_expert_cot,0,0,10000
0.0,0.0,0.6762039923522551,0.9085,0.981456793115986,0.3801916932907348,0.6669634906500446,0.0,2908.026647398714,MetaSMS,qwen35_35b_moe_few-shot_expert_cot,0,0,10000
0.0,0.0,0.12971877926869826,0.1383,0.08917638904932425,0.10186240973014063,0.19811753902662993,0.0,26.309679774101824,MetaSMS,olmoe_1b_7b_zero-shot_basic_direct,0,0,10000
0.0,0.0,0.1393930312139182,0.187,0.2616547669046619,0.13088330109606705,0.02564102564102564,0.0,20.865291359834373,MetaSMS,olmoe_1b_7b_zero-shot_expert_direct,0,0,10000
0.0,0.0,0.2625512884729464,0.3212,0.42446111480391224,0.10893944248638257,0.2542533081285444,0.0,91.7484008166939,MetaSMS,olmoe_1b_7b_zero-shot_expert_cot,0,0,10000
0.0,0.0,0.3389783642494211,0.4656,0.5984886649874055,0.09703504043126684,0.321411387329591,0.0,84.04480563476682,MetaSMS,olmoe_1b_7b_few-shot_expert_cot,0,0,10000
0.0,0.0,0.06678066780667806,0.1113,0.0,0.0,0.2003420034200342,0.0,780.5392949339002,MetaSMS,deepseek_r1_14b_zero-shot_basic_direct,0,0,10000
0.0,0.0,0.09975351098938069,0.1306,0.05152941176470588,0.047505938242280284,0.20022518296115593,0.0,706.2363164247945,MetaSMS,deepseek_r1_14b_zero-shot_expert_direct,0,0,10000
0.0,0.0,0.09827964401010066,0.1182,0.025720409621338414,0.07529411764705882,0.19382440476190477,0.0,918.5228828205727,MetaSMS,deepseek_r1_14b_zero-shot_expert_cot,0,0,10000
0.0,0.0,0.07051019534728305,0.1132,0.004584388949209796,0.006259780907668232,0.2006864161849711,0.0,908.9090462783352,MetaSMS,deepseek_r1_14b_few-shot_expert_cot,0,0,10000
0.0,0.0,0.3897288603825107,0.8328,0.9167878313387764,0.1434878587196468,0.10891089108910891,0.0,39.9232765189372,MetaSMS,mistral_nemo_12b_zero-shot_basic_direct,0,0,10000
0.0,0.0,0.3337619073576077,0.8304,0.9077523213010275,0.043010752688172046,0.050522648083623695,0.0,37.895153135061264,MetaSMS,mistral_nemo_12b_zero-shot_expert_direct,0,0,10000
0.0,0.0,0.46978709290698156,0.8488,0.9248791583736139,0.0916030534351145,0.3928790669122161,0.0,69.2699385881424,MetaSMS,mistral_nemo_12b_zero-shot_expert_cot,0,0,10000
0.0,0.0,0.5962069167618237,0.868,0.9471142236174837,0.25263157894736843,0.588874947720619,0.0,103.39444689359516,MetaSMS,mistral_nemo_12b_few-shot_expert_cot,0,0,10000
0.0,0.0,0.7035507231552872,0.9184,0.9786014753398768,0.39156626506024095,0.740484429065744,0.0,154.98379063606262,MetaSMS,phi4_mini_dynamic-few-shot_expert_cot,0,0,10000
0.0,0.0,0.5730103106241559,0.7682,0.8780190785467831,0.2061950993989829,0.6348167539267016,0.0,210.46511785895564,MetaSMS,gemma3_4b_dynamic-few-shot_expert_cot,0,0,10000
0.0,0.0,0.7273932708868612,0.9215,0.9803176160402232,0.4446412754650133,0.7572209211553473,0.0,305.30467078695074,MetaSMS,qwen35_4b_dynamic-few-shot_expert_cot,0,0,10000
0.0,0.0,0.5892822335509232,0.8069,0.9068469769579203,0.25061425061425063,0.6103854730805989,0.0,183.87301280419342,MetaSMS,ministral_8b_dynamic-few-shot_expert_cot,0,0,10000
0.0,0.0,0.3017298007444712,0.8268,0.9051894022334136,0.0,0.0,0.0,9.028574532130733,MetaSMS,falcon3_7b_dynamic-few-shot_expert_cot,0,0,10000
0.0,0.0,0.3635058270860463,0.4653,0.5910903691132796,0.15955325089748704,0.3398738612473721,0.0,105.70323137403466,MetaSMS,olmoe_1b_7b_dynamic-few-shot_expert_cot,0,0,10000
0.0,0.0,0.6510401775136404,0.8821,0.9571606475716065,0.33205374280230326,0.6639061421670117,0.0,248.70248116902076,MetaSMS,moonlight_16b_dynamic-few-shot_expert_cot,0,0,10000
0.0,0.0,0.7616665057544703,0.9413,0.9940899770835846,0.527336860670194,0.7635726795096323,0.0,289.3303351160139,MetaSMS,gemma4_12b_dynamic-few-shot_expert_cot,0,0,10000
0.0,0.0,0.06787142118767474,0.1124,0.0026573257639811573,0.0,0.20095693779904306,0.0,971.5705308730248,MetaSMS,deepseek_r1_14b_dynamic-few-shot_expert_cot,0,0,10000
0.0,0.0,0.7583228631407053,0.9372,0.9922761284093652,0.5380212591986917,0.744671201814059,0.0,301.4832241360564,MetaSMS,qwen25_14b_dynamic-few-shot_expert_cot,0,0,10000
0.0,0.0,0.5658181758013621,0.8643,0.9369274753486201,0.2557603686635945,0.5047666833918716,0.0,161.81987677398138,MetaSMS,mistral_nemo_12b_dynamic-few-shot_expert_cot,0,0,10000
0.0,0.0,0.7589388500721759,0.9401,0.992280786394886,0.5158371040723982,0.7686986597492435,0.0,2965.2808343609795,MetaSMS,qwen35_35b_moe_dynamic-few-shot_expert_cot,0,0,10000
